<?xml version='1.0' encoding='UTF-8' ?>
<timeLogEntries>
  <time id="1" path="/Proyecto" start="@1600367742422" delta="1" />
  <time id="2" path="/Proyecto" start="@1600367875295" delta="1" />
  <time id="3" path="/Proyecto/Metodo de la ingeniería" start="@1600368503556" delta="1" />
  <time id="4" path="/Proyecto/Metodo de la ingeniería" start="@1600368576399" delta="13" />
  <time id="5" path="/Proyecto/Metodo de la ingeniería" start="@1600386997975" delta="218" />
  <time id="6" path="/Proyecto/Metodo de la ingeniería" start="@1600450775660" delta="62" />
  <time id="7" path="/Proyecto/Diseño TAD" start="@1600618812598" delta="301" />
  <time id="8" path="/Proyecto/Codigo" start="@1600636943193" delta="28" />
  <time id="9" path="/Proyecto/Codigo" start="@1600638627617" delta="361" interrupt="12" />
  <time id="10" path="/Proyecto/Diagrama de clases" start="@1600661051937" delta="188" />
  <time id="11" path="/Proyecto/Diagrama de clases" start="@1600747965082" delta="178" />
  <time id="12" path="/Proyecto/Codigo" start="@1600905837328" delta="57" />
  <time id="13" path="/Proyecto/Codigo" start="@1600921359559" delta="122" />
  <time id="14" path="/Proyecto/Codigo" start="@1601052126087" delta="142" />
  <time id="15" path="/Proyecto/Codigo" start="@1601245726181" delta="16" />
  <time id="16" path="/Proyecto/Codigo" start="@1601275029388" delta="10" interrupt="1" />
  <time id="17" path="/Proyecto/Codigo" start="@1601420061951" delta="242" />
</timeLogEntries>
