<?xml version='1.0' encoding='UTF-8' ?>
<timeLogEntries>
  <time id="1" path="/Tarea Integradora/Planning" start="@1599608497325" delta="25" />
  <time id="2" path="/Tarea Integradora/Planning" start="@1599788182394" delta="92" interrupt="19" />
  <time id="3" path="/Tarea Integradora/Planning" start="@1599846137194" delta="16" />
  <time id="4" path="/Tarea Integradora/Planning" start="@1600362429878" delta="18" />
  <time id="5" path="/Tarea Integradora/Planning" start="@1600387659427" delta="54" />
  <time id="6" path="/Tarea Integradora/Planning" start="@1600450868176" delta="22" />
  <time id="7" path="/Tarea Integradora/Planning" start="@1600748338650" delta="41" />
  <time id="8" path="/Tarea Integradora/Design" start="@1600897488056" delta="85" />
  <time id="9" path="/Tarea Integradora/Code" start="@1600915169644" delta="115" />
  <time id="10" path="/Tarea Integradora/Code" start="@1600960550130" delta="55" />
  <time id="11" path="/Tarea Integradora/Code" start="@1601003015424" delta="44" />
  <time id="12" path="/Tarea Integradora/Code" start="@1601051023680" delta="110" />
  <time id="13" path="/Tarea Integradora/Code" start="@1601396793578" delta="74" interrupt="6" />
  <time id="14" path="/Tarea Integradora/Code" start="@1601406277312" delta="105" />
  <time id="15" path="/Tarea Integradora/Code" start="@1601428327721" delta="106" />
  <time id="16" path="/Tarea Integradora/Test" start="@1601436043579" delta="115" />
  <time id="17" path="/Tarea Integradora/Test" start="@1601476007447" delta="89" />
  <time id="18" path="/Tarea Integradora/Test" start="@1601502898300" delta="40" />
  <time id="19" path="/Tarea Integradora/Code" start="@1601505303917" delta="185" />
  <time id="20" path="/Tarea Integradora/Test" start="@1601516416308" delta="47" />
  <time id="21" path="/Tarea Integradora/Code" start="@1601519311011" delta="9" />
</timeLogEntries>
