<?xml version='1.0' encoding='UTF-8' ?>
<timeLogEntries>
  <time id="1" path="/Proyecto/Metodo de la ingenieria" start="@1600393326344" delta="120" />
  <time id="2" path="/Proyecto/Metodo de la ingenieria" start="@1600450220775" delta="51" />
  <time id="3" path="/Proyecto/Metodo de la ingenieria" start="@1600465429386" delta="32" />
  <time id="5" path="/Proyecto/Diseño/Requerimientos" start="@1600653676775" delta="76" />
  <time id="6" path="/Proyecto/Diseño/Diagrama de clases" start="@1600659045851" delta="23" />
  <time id="7" path="/Proyecto/Diseño/Diagrama de clases" start="@1600748047535" delta="57" />
  <time id="8" path="/Proyecto/Diseño/Diagrama de clases" start="@1600908018122" delta="28" />
  <time id="9" path="/Proyecto/Implementacion" start="@1600909715106" delta="317" />
  <time id="10" path="/Proyecto/Implementacion" start="@1601052339097" delta="101" />
  <time id="11" path="/Proyecto/Implementacion" start="@1601173302725" delta="22" />
  <time id="12" path="/Proyecto/Implementacion" start="@1601258936790" delta="175" interrupt="3" />
  <time id="13" path="/Proyecto/Metodo de la ingenieria" start="@1601434764309" delta="53" interrupt="6" />
  <time id="14" path="/Proyecto/Metodo de la ingenieria" start="@1601438348179" delta="17" />
  <time id="15" path="/Proyecto/Implementacion" start="@1601439402800" delta="5" />
  <time id="16" path="/Proyecto/Diseño/TAD" start="@1601439698073" delta="93" />
  <time id="17" path="/Proyecto/Implementacion" start="@1601445259612" delta="4" />
  <time id="18" path="/Proyecto/Implementacion" start="@1601493643465" delta="559" />
</timeLogEntries>
